{
  "name": "datalib",
  "main": "datalib.js",
  "homepage": "http://github.com/vega/datalib.git",
  "authors": [
    "Jeffrey Heer (http://idl.cs.washington.edu)"
  ],
  "description": "JavaScript utilites for loading, summarizing and working with data.",
  "moduleType": [
    "node"
  ],
  "keywords": [
    "data",
    "table",
    "statistics",
    "parse",
    "csv",
    "tsv",
    "json",
    "utility"
  ],
  "license": "BSD-3-Clause",
  "ignore": [
    "**/.*",
    "node_modules",
    "bower_components",
    "test"
  ],
  "version": "1.4.6",
  "_release": "1.4.6",
  "_resolution": {
    "type": "version",
    "tag": "v1.4.6",
    "commit": "f31aec9028f8c6d9f6acd6420e4f100101dfb4d2"
  },
  "_source": "git://github.com/uwdata/datalib.git",
  "_target": "^1.3.0",
  "_originalSource": "datalib"
}